Temperature,Pressure,Feed Flow rate,Coolant Flow rate,Inlet reactant concentration,Test
406.86,17.66,121.83,2109.2,0.1033,Pass
693.39,24.66,133.18,3138.96,0.3785,Pass
523.1,23.23,146.55,1058.24,0.4799,Fail
612.86,40.97,94.44,1325.12,0.3147,Fail
500.28,37.44,185.48,2474.51,0.2284,Pass
413.67,44.19,84.87,3036.71,0.3293,Pass
537.04,38.49,114.66,3444.1,0.3669,Fail
405.22,31.55,74.09,1478.86,0.3647,Fail
560.94,25.78,134.21,1387.35,0.417,Fail
522.52,49.77,170.69,2232.49,0.2544,Fail
432.78,16.58,61.09,2223.36,0.2123,Pass
591.4,34.51,109.68,2532.66,0.1111,Fail
698.43,1.49,177.3,1220.73,0.4725,Fail
575.27,1.88,145.15,3563.08,0.304,Pass
474.59,25.79,195.14,1610.85,0.1822,Fail
595.5,46.09,54.91,2668.03,0.4664,Pass
609.6,3.03,93.35,2487.75,0.2674,Pass
677.58,7.27,149.5,2202.77,0.3889,Pass
521.44,12.68,103.3,1007.25,0.236,Fail
504.68,40.13,183.52,1925.17,0.1513,Fail
618.82,44.37,156.57,2099.16,0.4327,Fail
497.23,9.14,150.94,2852.57,0.3153,Pass
558.7,24.03,168.5,3160.56,0.2037,Pass
536.63,25.24,132.4,1535.32,0.4867,Fail
533.92,6.37,183.38,2137.01,0.242,Pass
553.1,11.32,96.64,1396.43,0.3274,Fail
540.02,35.64,143.37,1410.21,0.2229,Fail
611.04,31.67,143.48,2523.97,0.1642,Pass
469.06,45.69,135.09,2822.05,0.3166,Pass
555.91,22.91,153.18,1840.05,0.3576,Fail
430.62,39.35,92.36,3595.62,0.2716,Pass
441.55,16.24,88.38,3082.44,0.4643,Pass
448.45,2.48,120.06,1572.39,0.1072,Fail
503.28,20.55,183.69,1792.15,0.2312,Fail
631.07,16.29,87.46,1729.52,0.4035,Fail
516.06,45.46,119.8,3432.95,0.3825,Pass
546.41,10.94,131.18,1021.31,0.4929,Fail
463.26,9.87,92.94,1313.53,0.1726,Fail
455.86,13.06,65.27,3278.6,0.1745,Pass
564.26,45.08,187.85,1820.19,0.2092,Fail
405.45,41.68,51.77,1241.35,0.347,Fail
414.98,23.77,123.23,3505.1,0.4076,Pass
634.79,39.93,122.46,2363.23,0.402,Pass
412.64,20.99,114.31,2178.81,0.4336,Pass
663.23,21.46,147.23,2127.09,0.4007,Fail
437.87,23.67,72.82,1368.68,0.4241,Pass
615.79,17.11,162.4,1155.56,0.2779,Fail
551.05,15.79,86.19,1146.92,0.3566,Fail
581.01,46.72,148.79,1050.78,0.1474,Fail
473.87,16.77,189.21,3490.42,0.3262,Pass
635.33,22.52,81.32,3451.24,0.2961,Pass
421.72,35.76,181.46,2977.8,0.1338,Pass
551.4,7.94,65.84,3470.3,0.1778,Pass
648.7,10.02,60.85,2926.87,0.1767,Pass
567.08,39.86,158.28,2047.96,0.3238,Fail
449.09,47.28,124.51,1246.68,0.2827,Fail
594.16,8.11,195.9,2334.65,0.1382,Fail
661.85,18.76,64.39,1693.3,0.4248,Fail
486.3,12.88,100.41,2285.4,0.4989,Pass
678.53,35.91,172.83,2255.79,0.3396,Fail
452.82,21.62,189.82,2088.93,0.4069,Fail
607.01,37.33,161.75,1309.88,0.3454,Fail
483.41,32.18,148.28,2361.98,0.3512,Pass
559.45,36.15,162.49,1914.17,0.1295,Fail
427.62,21.74,161.12,1611.95,0.1582,Fail
685.75,17.33,147.75,1335.87,0.3561,Fail
673.4,32.36,136.72,1585.69,0.3646,Fail
409.17,3.79,89.44,2052.26,0.2994,Pass
466.04,12.44,115.99,3103.44,0.4216,Pass
697.72,34.92,63.76,1796.59,0.4348,Fail
677.79,39.2,72.91,1493.2,0.1191,Fail
574.78,26.88,158.53,1808.52,0.371,Fail
432.57,40.97,98.54,3461.66,0.403,Pass
463.16,44.05,102.09,1192.32,0.2666,Fail
658.54,7.41,54.81,3493.19,0.2765,Pass
596.99,15.12,105.34,2659.94,0.4121,Pass
447.72,36.54,143.95,1554.14,0.2492,Fail
572.44,36.73,164.56,1483.08,0.3556,Fail
597.22,32.71,54.21,3262.5,0.3532,Pass
690.97,2.85,165.82,2153.56,0.1532,Pass
583.19,43.32,122.34,1770.59,0.4466,Fail
414.91,31.63,172.6,1241.93,0.332,Fail
686.93,4.62,167.7,1575.11,0.4645,Fail
679.77,7.36,182.3,2461.15,0.1215,Pass
642.47,45.52,64.14,1221.75,0.2696,Fail
443.59,33.63,76.68,1779.49,0.2986,Fail
570,4.16,164.77,2269.91,0.3163,Fail
620.58,39.4,180.82,1652.14,0.2918,Fail
403.61,3.6,154.11,1189.54,0.4829,Fail
599.48,35.08,117.08,3470.53,0.1466,Pass
663.88,37.21,127.13,2315.79,0.3447,Pass
466.54,44.26,170.48,3277.39,0.17,Pass
632.5,43.8,120.28,1948.37,0.125,Fail
437.3,16.91,195.95,1342.16,0.4883,Fail
623.26,49.89,199.34,3141.9,0.3843,Pass
661.21,4.26,70.42,1051.37,0.4097,Fail
678.02,45.09,109.17,1853.48,0.1564,Fail
613.16,47.48,125.55,2897.62,0.1701,Pass
455.16,38.13,73.96,1935.82,0.1883,Pass
465.86,43.37,146.82,1519.1,0.4454,Fail
576.03,35.79,160.97,2954.35,0.3666,Pass
697.3,42.38,56.95,3134.82,0.2435,Pass
552.59,5.52,73.71,2623.45,0.4437,Pass
648.28,5.68,97.26,2338.01,0.1766,Pass
594.61,42.54,56.36,3388.77,0.4121,Pass
447.13,41.82,192.87,1618.65,0.1717,Fail
519.93,30.93,114.82,3390.41,0.2618,Pass
596.32,2.52,98.19,1105.19,0.232,Fail
678.97,15.56,97.83,1191.77,0.1406,Fail
546.51,44.94,70.97,3368.92,0.2892,Pass
633.08,31.9,144.4,1991.39,0.2963,Fail
645.01,20.59,92.63,1368.75,0.4199,Fail
583.55,33.87,54.52,1623.38,0.2523,Fail
520.69,10.27,141.97,1271.98,0.1266,Fail
462.91,29.99,112.71,3578.25,0.1563,Pass
675.67,37.67,103.16,1048.91,0.4271,Fail
402.51,41.54,51.52,3318.7,0.3746,Pass
554.64,19.57,90.14,2074.53,0.3682,Pass
418.59,39.75,163.42,2747.25,0.1003,Pass
491.17,30.93,92.76,2105.5,0.1617,Pass
529.97,21.88,160.62,3379.22,0.2042,Pass
456.79,44.68,55.86,2354.81,0.2297,Pass
581.26,3.23,93.13,3432.08,0.3777,Pass
418.27,33.51,127.28,1410.7,0.3473,Fail
424.41,44.73,179.69,3494.95,0.3939,Pass
455.95,40.43,152.49,2066.96,0.4232,Fail
631.27,37.43,157.76,1893.53,0.1989,Pass
594,9.68,90.73,1725.99,0.1932,Fail
400.31,49.42,75.1,1723.28,0.4581,Fail
551.46,18.39,65.93,1022.88,0.4988,Fail
563,22.39,186.77,1725.09,0.1551,Fail
439.31,20.42,176.6,1962.57,0.4777,Fail
554.19,40.44,171.57,1702.64,0.2005,Fail
402.17,4.65,78.87,2982.86,0.4595,Pass
654.75,30.81,55.45,2467.9,0.2478,Pass
579.66,21.53,165.74,2975.42,0.1152,Pass
417.23,23.44,88.58,3111.09,0.2325,Pass
437.27,22.78,93.55,3498.86,0.1397,Pass
638.3,44.98,133.2,1251.09,0.3347,Fail
553.47,36.9,164.67,3182.19,0.204,Pass
564.82,2.79,119.38,3497.35,0.4501,Pass
530.11,47.9,76.93,1578.53,0.4177,Fail
517.13,5.58,95.99,2966.07,0.3361,Pass
434.35,37.77,65.32,1166.98,0.2865,Pass
577.76,48.54,128.17,3303.75,0.4097,Pass
660.71,47.24,129.24,1876.02,0.3345,Fail
650.27,46.46,99.8,1730.78,0.1843,Fail
664.41,3.4,99.57,1731.5,0.1966,Pass
490.52,29.04,127.73,2591,0.2539,Fail
595.61,39.16,71.77,3524.51,0.4842,Pass
699.87,47.37,108.44,2372.85,0.1533,Pass
655.18,2.53,102.76,3189.72,0.4694,Pass
403.15,42.95,116.35,1145.97,0.4918,Fail
599.87,7.08,191.05,3059.43,0.389,Pass
573.47,36.32,162.82,2517.85,0.3856,Pass
463.22,37.98,107.94,1509.76,0.3036,Fail
612.12,16.81,161.57,2383.6,0.1847,Pass
678.87,33.82,78.47,2803.99,0.4564,Pass
484.4,5.99,156.32,1370.54,0.4341,Fail
687.63,8.98,144.19,1499.95,0.4465,Fail
428.53,8.31,183.67,2501.09,0.1146,Pass
613.41,44.78,74.27,1099.41,0.4715,Fail
652.76,42.8,133.28,1235.99,0.3541,Fail
628.04,4.73,132.91,3188.6,0.1898,Pass
662.21,11.29,56.77,2811.06,0.4779,Pass
453.91,47.76,166.01,2957.98,0.2554,Pass
449.22,15.8,50.04,2561.89,0.1155,Pass
494.94,20.77,111.01,1169.32,0.1901,Fail
672.67,7.93,53.53,3534.69,0.4996,Pass
458.47,23.64,81.73,1463.02,0.1618,Fail
510.77,2.98,188.41,1006.65,0.1285,Pass
646.37,28.76,144.03,1494.63,0.4733,Fail
604.36,37.8,189.7,1860.44,0.2504,Fail
430.24,14.65,154.12,3494.32,0.2734,Pass
589.75,47.54,181.79,1038.14,0.2131,Fail
596.55,29.97,70.43,1011.69,0.3192,Fail
502.3,25.77,121.92,1655.69,0.4579,Fail
618.82,41.99,105.69,1941.56,0.3738,Fail
477.76,25.2,195.06,1535.46,0.1075,Fail
623.02,6.32,71.58,2291.38,0.2782,Pass
528.12,6.28,74.89,2272,0.4094,Pass
562.75,31.07,71.78,2771.42,0.1505,Pass
423.5,42.06,72.16,1477.4,0.4692,Fail
619.05,1.22,75.1,2704.4,0.4174,Pass
509.57,10.62,171.29,1172.13,0.4734,Fail
516.87,20.86,141.88,1276.23,0.2147,Fail
561,14.59,154.07,1708.71,0.4103,Fail
436.95,41.68,58.31,1365.25,0.4014,Fail
652.71,21.69,115.99,1091.71,0.1529,Pass
433.46,31.85,75.72,3204.69,0.1097,Pass
494.56,41.01,51.94,3211.75,0.3798,Pass
593.43,22.36,129.86,1809.98,0.222,Fail
686.27,22.05,60.73,1889.41,0.1038,Pass
403.55,7.16,58.1,3033.31,0.3264,Pass
544.33,41.63,194.46,1641.33,0.201,Fail
546.65,24.71,122.87,3284.38,0.2394,Pass
616.43,48.52,181.84,2489.26,0.3329,Pass
468.11,21.04,181.13,1115.66,0.2256,Fail
421.54,19.21,151.45,2017.06,0.2883,Pass
513.11,41.11,63.59,2403.32,0.2943,Pass
486.93,4.3,124.88,2092.2,0.3239,Pass
540.31,4.76,174.61,3535.36,0.3965,Pass
674.13,40.37,76.84,1895.23,0.2446,Fail
482.92,8.3,155.82,2799.63,0.1304,Fail
418.57,21.58,171.38,1987.13,0.1047,Fail
652.66,16.28,77.98,3013.16,0.1991,Pass
582.07,6.55,107.7,2278.11,0.349,Pass
528.15,13.37,151.55,2271.22,0.1591,Pass
497.42,44.75,112.13,2754.46,0.1117,Pass
578.68,40.36,57.71,1720.22,0.3193,Pass
451.61,15.46,116.78,1038.87,0.2781,Fail
670.59,49.61,103.64,3338.26,0.1266,Pass
526.7,5.52,62.64,1750.83,0.4653,Fail
697.31,12.74,59.82,3081.23,0.3229,Pass
639.71,18.56,108.87,2100.42,0.4271,Pass
685.89,48.78,88.7,1497.36,0.4817,Fail
623.78,41.47,163.69,1867.55,0.329,Fail
692.86,31.61,196.19,1940.72,0.1111,Fail
411.58,27.51,81.02,1580.04,0.1751,Fail
569.7,31.62,55.62,2121.22,0.1574,Pass
683.62,14.29,75.66,1222.08,0.2919,Fail
510.92,13.49,191.04,2835.27,0.4008,Pass
637.81,9.98,166.89,1832.61,0.2686,Fail
683.73,41.67,123.17,3358.93,0.3042,Pass
534.79,14.49,180.2,1266.14,0.1061,Fail
416.88,40.41,141.15,3557.03,0.1427,Pass
673.8,11.58,122.27,3529.65,0.4513,Fail
532.26,10.6,176.27,1553.91,0.265,Fail
628.37,6.22,161.27,3186.91,0.4061,Pass
417.73,42.61,160.33,1667.82,0.2307,Fail
683.97,11.45,136.9,3448.77,0.1362,Pass
689.18,18.31,104.93,1441.87,0.15,Fail
617.98,36.73,140.64,1425.36,0.3846,Fail
645.85,4.15,137.9,3539.74,0.3136,Pass
488.16,9.47,89.93,2956.97,0.4218,Fail
515.6,41.73,135.28,2253.02,0.2194,Pass
526.46,30.2,149.85,2341.63,0.2853,Pass
479.64,45.76,181.05,3214.27,0.4396,Pass
626.74,13.23,152.41,1670.18,0.3846,Fail
557.69,7.72,155.18,1496.96,0.2759,Fail
631.02,15.14,189.27,1753.77,0.3797,Fail
577.3,16.98,77.54,2297.22,0.49,Pass
586.27,3.77,101.18,2981.66,0.3298,Pass
479.6,36.35,137.31,3564.61,0.1937,Pass
586.98,1.4,155.81,3533.07,0.1352,Pass
641.54,45.09,105.91,1677.2,0.4658,Fail
550.58,23.93,80.98,2314.25,0.4955,Pass
605.98,34.04,112.08,3494.34,0.3199,Pass
442.95,22.94,80.39,1677.61,0.1116,Fail
457.34,26.53,60.61,1897.45,0.4608,Pass
685.83,21.89,193.98,1971.58,0.2004,Fail
657.11,2.71,91.47,2203.5,0.2434,Pass
578.19,28.41,80.69,3303.39,0.3427,Pass
586.93,15.68,98.04,3474.44,0.3773,Pass
482.59,46.25,95.76,2731.72,0.4194,Pass
590.59,43,191.77,1145.6,0.2617,Fail
689.03,40.55,125.51,3173.77,0.2807,Pass
550.4,38.32,177.48,3317.41,0.4652,Pass
534.42,9.72,87.98,1426.51,0.4573,Fail
541.94,36.8,196.08,2421.07,0.2245,Pass
460.08,28.93,199.66,3231.19,0.4302,Pass
529.59,10.89,122.06,1816.42,0.4828,Pass
506.68,15.84,146.95,3390.64,0.2221,Pass
585.9,30.53,180.23,2858.36,0.1462,Pass
693.81,1.51,73.78,2691.41,0.4053,Pass
513.65,5.32,143.56,1375.42,0.4955,Fail
447.65,22.56,162.78,1348.6,0.4782,Fail
445.99,13.62,143.68,3170.79,0.4451,Pass
646.48,15.56,199.15,1361.32,0.3511,Fail
580.87,5.08,78.01,2101.72,0.3273,Pass
584.54,27.9,117.74,1187.14,0.109,Fail
589.36,21.73,188.76,2328.72,0.2259,Pass
427.57,18.18,110.4,3067.96,0.3925,Pass
663.16,47.41,112.56,1975.83,0.1226,Fail
458.79,47.7,74.83,2806.09,0.2004,Pass
694.04,47.03,156.28,3208.73,0.3721,Pass
615.24,36.46,84.36,1422.61,0.4599,Fail
540.1,8.51,53.28,2739.59,0.1699,Pass
432.77,45.51,62.52,2701.41,0.2137,Pass
606.82,19.86,59.6,1487.71,0.4697,Fail
431.55,48.01,112.64,3528.23,0.2227,Pass
663.02,15.01,120.96,1398.43,0.3371,Fail
683.14,23.39,53.18,2553.19,0.313,Pass
551.65,8.44,78.48,2365.59,0.2351,Pass
556.29,43.21,85.42,2036.17,0.1879,Fail
521.77,7.07,179.62,3501.63,0.4921,Pass
544.9,35.87,91.39,1058.72,0.238,Fail
657.62,39.47,182.37,1240.04,0.134,Fail
654.2,11.24,109.07,2716.12,0.3442,Pass
582.52,34.09,57.73,3051.57,0.2464,Pass
490.63,41.24,66.1,3167.39,0.4199,Pass
651.47,26.58,65.79,1692.7,0.348,Fail
465.58,36.18,190.21,2144.62,0.4178,Fail
652.57,35.86,108.24,3572.66,0.117,Pass
605.85,14.94,199.01,2836.9,0.1976,Pass
458.28,24.14,150.85,2655.14,0.4338,Pass
569.27,7.25,172.64,1753.59,0.3051,Fail
616.62,46.12,133.91,2120.69,0.3926,Fail
438.45,3.13,169.87,2291.1,0.3832,Pass
491.3,1.41,167.82,2084.84,0.2547,Pass
552.12,30.41,105.33,1118.14,0.3677,Fail
507.22,21.83,57.75,1268.91,0.2774,Fail
442.44,33.78,95.08,2422.92,0.4493,Pass
515.66,17.74,112.06,3119.66,0.2154,Pass
573.37,31.55,195.16,1748.66,0.2194,Fail
600.17,15.17,143.17,1630.95,0.3531,Fail
615.55,8.78,120.81,3495.53,0.1227,Pass
565.24,32.9,92.5,2272.04,0.1684,Pass
463.77,10.44,172.92,3484.89,0.2908,Pass
617.41,48.98,53.56,2836.24,0.2806,Pass
665.24,29.5,136.42,2058.43,0.1808,Fail
658.67,48.4,183.17,3052.77,0.1289,Pass
544.01,26.68,57.18,2851.29,0.3959,Pass
506.47,27.07,58.57,3276.24,0.313,Pass
415.54,20.88,121.79,1719.17,0.2436,Fail
512.18,2.95,180.05,1110.24,0.3224,Fail
673.88,5.21,84.99,1194,0.4813,Fail
513,25.33,98.88,3513.41,0.249,Pass
457.22,8.68,140.54,3049.62,0.4827,Pass
595.17,10.25,89.97,3559.68,0.1599,Pass
587.39,6.06,74.28,2828.23,0.277,Pass
621.9,5.8,186.2,2143.94,0.2057,Pass
481.62,43.17,179.16,2720.98,0.3534,Pass
602.51,24.97,152.13,1491.78,0.3451,Fail
561.21,1.53,149.09,1105.07,0.4018,Fail
672.53,40.33,114.61,1831.03,0.2239,Pass
429.56,45.75,132.18,1308.55,0.3385,Fail
620.57,43.02,106.91,2761.14,0.1805,Pass
625.11,17.56,100.1,3407.41,0.4697,Pass
413.46,19.3,93.98,1968.13,0.16,Pass
699.07,35.11,120.43,2193.24,0.2435,Pass
432.02,6.39,79.07,1130.56,0.2757,Fail
579.06,47.18,161.05,1438.74,0.1137,Fail
580.63,20.22,160.07,2329.55,0.3828,Pass
421.52,42.98,147.08,3391.43,0.1554,Pass
507.39,17.01,156.54,2798.93,0.3383,Pass
556.96,19.7,78.38,1129.29,0.1428,Fail
579.97,42.28,129.48,3122.65,0.1242,Pass
432.92,3.46,124.21,2316.25,0.465,Pass
496.59,18.16,95.52,3192.44,0.2993,Pass
493.18,16.17,78.32,1719.38,0.155,Fail
514.34,11.11,167.73,2894.34,0.49,Pass
586.26,28.29,186.24,2066.99,0.1808,Fail
513.96,16.9,64.49,1435.5,0.2584,Fail
464.11,22.82,182.35,3555.88,0.3165,Pass
507.4,5,171.24,3217.83,0.423,Pass
517.32,11.01,143.18,1228.64,0.3822,Fail
629.49,24.84,158.88,3247.3,0.1825,Pass
547.38,46.93,124.48,2131.26,0.2989,Fail
670.72,48.85,197.1,2396.57,0.4674,Fail
615.51,47.37,51.56,1563.56,0.288,Fail
552.49,42.21,164.56,2889.14,0.4143,Pass
547.98,14,94.39,1292.1,0.4798,Fail
411.81,20.41,193.69,1002.53,0.2172,Fail
494.56,40.73,179.38,2085.19,0.1627,Pass
488.19,47,193.26,1858.16,0.1107,Fail
535.87,37.38,65.08,2557.86,0.1812,Pass
470.52,35.95,59.56,1770.84,0.2517,Fail
544.58,24.73,112.12,1199.61,0.445,Fail
561.54,6.8,72.47,2734.28,0.3589,Pass
620.11,27.55,141.71,3409.84,0.163,Pass
560.68,44.45,173.74,2251.4,0.2518,Fail
435.79,20.78,133.09,1140.65,0.1529,Fail
662.62,32.63,76.92,3008.75,0.1947,Pass
443.92,26.38,118.67,3477.58,0.1565,Pass
547.91,10.12,119.19,2046.03,0.1392,Pass
607.73,1.19,160.09,1217.15,0.3701,Fail
696.94,10.38,168.63,2110.13,0.4874,Fail
546.09,30.25,154.96,1422.54,0.4781,Fail
556.73,1.72,90.2,3115.51,0.2354,Pass
683.52,22.16,193.91,2932,0.2297,Pass
557.52,43.12,112.99,3048.8,0.4685,Fail
492.6,6.05,153.55,1690.63,0.4267,Fail
451.98,6.63,159.52,1761.41,0.2152,Fail
575.34,17.41,50.45,2044.29,0.4208,Pass
555.43,21.62,78.6,3471.56,0.4254,Pass
651.09,6.7,103.48,1152.57,0.1619,Fail
447.92,36.84,113.11,3101.76,0.2948,Pass
558.4,41.58,166.78,2638.3,0.2063,Pass
566.64,18.39,125.08,3059.69,0.3332,Pass
587.66,36.36,150.08,2577.03,0.426,Pass
506.76,26.09,101.4,2933.24,0.3658,Pass
488.19,22.83,148.13,1498.22,0.1616,Fail
670.33,46.28,156.73,3494.8,0.247,Pass
662.7,27.65,130.4,3196.79,0.3078,Pass
405.07,43.26,57.15,1749.15,0.1601,Fail
640.72,33.72,94.62,2097.58,0.2119,Pass
682.17,40.49,73.63,2977.14,0.1762,Pass
676.85,31.18,168.13,2636.17,0.2207,Pass
597.3,26.23,114.45,1848.88,0.1904,Fail
410.9,16.03,73.37,3168.88,0.2212,Pass
650.69,37.29,197.47,3204.47,0.1195,Pass
558.43,30.48,73.43,2193.08,0.3983,Pass
663.31,43.76,79.74,3218.86,0.1518,Fail
517.22,40.24,165.03,2954.31,0.2053,Pass
434.92,25.16,149.4,1587.58,0.2248,Fail
504.75,46.57,129.66,2132.74,0.1956,Fail
402.44,5.77,175.89,2152.33,0.3226,Pass
459.36,23.8,74.77,2891.69,0.4129,Pass
459.81,14.64,69.64,2763.29,0.2457,Pass
439.4,4.13,137.83,1671.93,0.4319,Fail
499.72,38.74,80.71,2291.04,0.3292,Pass
510.37,26.57,72.69,2054.21,0.1749,Pass
519.97,5.59,142.74,3290.35,0.2831,Pass
597.44,44.96,172.54,1055.38,0.117,Fail
485.59,30.74,134.68,1219.3,0.4,Fail
561.53,10.65,91.77,2144.22,0.4199,Pass
430.89,36.43,191.33,2502.42,0.2926,Pass
558.67,41.09,158.68,1099.23,0.377,Fail
676.6,24.83,102.73,3529.43,0.3245,Pass
597.08,14.14,78,2360.47,0.3422,Pass
440.06,45.17,130.98,3453.95,0.4957,Pass
470.48,30.84,198.91,1167.56,0.3197,Fail
634.89,15.85,196.02,3431.97,0.2191,Pass
453.68,9.05,107.51,1282.45,0.3804,Fail
579.31,49.75,173.14,3067.29,0.1137,Pass
520.42,37.93,62.48,1810.03,0.3789,Pass
574.89,43.87,160.02,1350.25,0.2457,Fail
436.94,37.05,106.79,1924.16,0.2154,Fail
571.5,44.05,88.96,1929.64,0.3548,Fail
475.65,3.9,101.41,3442.25,0.4678,Pass
541.67,6.71,109.11,2670.13,0.4572,Pass
560.4,10.79,50.03,2974.91,0.1818,Pass
569.94,23.16,114.1,1673.29,0.1091,Fail
519.76,8.76,62.68,2246.23,0.3414,Pass
516.45,43.22,118.5,3370.75,0.372,Pass
407.64,32.79,63.49,2905.46,0.2603,Pass
484.86,34.85,93.64,3012.64,0.4554,Pass
695.79,31.16,134.53,2358.28,0.3931,Pass
524.82,28.93,191.22,2620.29,0.4385,Pass
673.03,4.12,197.87,2931.74,0.4748,Pass
551.7,41.89,123.02,2707.3,0.1424,Pass
644.61,42.81,114.46,1005.09,0.1418,Fail
424.85,20.93,165.58,2783.48,0.2685,Fail
500.29,37.15,76.39,2062.59,0.1845,Pass
528.77,12.68,173.05,1597.02,0.3527,Fail
490.96,45.41,127.64,1627.39,0.1073,Fail
459.57,11.14,197.4,2418.39,0.2031,Pass
409.65,27.88,199.96,2313.77,0.3501,Pass
599.58,28.44,109.91,3263.52,0.3769,Pass
518.7,42.61,141.33,1587.01,0.491,Fail
412.5,37.2,103.12,1997.31,0.3428,Fail
428.03,2.86,176.27,1507.54,0.1461,Fail
544.64,41.12,175.49,1172.39,0.1321,Fail
634.36,21.65,182.96,3230.15,0.38,Pass
400.63,27.98,149.13,3073.1,0.3814,Pass
644.36,36.48,66.59,2433.15,0.4196,Pass
416.19,20.36,57.74,1138.33,0.3705,Fail
580.26,21.84,110.46,2823.35,0.3504,Pass
594.95,41.18,53.21,3116.38,0.4678,Pass
440.29,28.83,109.1,3546.47,0.3306,Pass
426.12,46.18,110.35,3408.62,0.4763,Pass
639.93,34.83,135.03,2302.35,0.2771,Pass
679.53,2,59.44,1552.06,0.4439,Fail
616.63,41.65,142.78,2076.09,0.3522,Fail
636.49,25.56,112.15,2223.17,0.2809,Pass
504.37,41.53,126.73,2935.22,0.3251,Pass
558.59,13.64,131.03,1171.97,0.4693,Fail
509.89,49.85,62.02,2597.17,0.128,Pass
482.74,1.94,94.17,1833.67,0.4685,Pass
533.63,39.59,55.02,1822.06,0.3042,Pass
532.66,9.94,148.43,1531.09,0.3385,Fail
460.73,37.59,181.86,3055.62,0.3837,Pass
486.28,23.95,131.12,2838.86,0.2285,Pass
632.62,26.01,182.09,3539.95,0.3101,Pass
519.54,3.55,110.22,3068.7,0.4176,Pass
445.99,36.78,112.18,2698.32,0.1703,Pass
425.95,13.44,138.07,2204.02,0.1868,Pass
499.15,11.06,138.3,1304.38,0.1474,Fail
594.05,19.85,80.34,3149.49,0.2191,Pass
454.23,35.98,144.08,2530.78,0.3145,Pass
450.57,7.86,90.7,1233.31,0.1644,Fail
405.24,28.65,89.05,1029.91,0.1814,Fail
655.95,21.9,57.6,3197.72,0.1276,Pass
429.62,16.26,96.78,2574.29,0.1185,Pass
670.45,46.47,93.61,2489.92,0.4536,Pass
635.11,28.8,112.75,2879.75,0.2577,Pass
569.27,15.49,165.8,1864.29,0.3975,Fail
635.61,9.53,144.8,1622.73,0.2894,Pass
480.11,7.74,150.58,2007.88,0.3463,Pass
476.07,1.68,193.83,3532.74,0.1945,Pass
547.09,31.22,121.82,2684.2,0.3008,Pass
587.49,10,109.08,3305.84,0.4527,Pass
558.06,8.14,81.93,1488.22,0.2202,Fail
572.13,20.73,96.15,1735.77,0.2988,Fail
579.77,25.52,165.76,1403.56,0.3322,Fail
452.36,6.06,163.89,2036.33,0.2985,Pass
479.65,30.82,79.9,1637.26,0.1458,Fail
546.91,20.73,62.58,1029.57,0.1376,Fail
557.5,10.85,74.82,2612.6,0.2688,Pass
401.5,1.41,188.19,1921.33,0.199,Pass
454.72,42.95,194.91,3090.29,0.4146,Pass
424.3,43.91,56.45,3490.93,0.2609,Pass
661.69,40.13,53.33,1720.61,0.3044,Fail
658.14,38.79,62.62,1745.98,0.1549,Fail
666.55,3.94,130.55,3296.97,0.2557,Fail
429.07,32.87,117.35,1872.23,0.3344,Fail
683.56,37.89,97.17,2761.74,0.1063,Pass
462.73,28.67,132.05,3456.25,0.3513,Pass
623.29,34.86,75.5,1499.76,0.3343,Fail
551.87,6.75,96.22,2021.27,0.1234,Pass
697.06,44.25,95.76,1097.29,0.2002,Fail
562.28,23.13,183,1832.1,0.3763,Fail
563.95,14.81,102.05,2265.91,0.2028,Pass
561.23,22.35,69.66,1427.46,0.2538,Fail
550.14,8.63,125.51,2164.95,0.4928,Pass
468.17,3.38,60.19,2544.64,0.2023,Pass
681.25,9.31,91.03,2721.58,0.1536,Pass
582.91,13.04,166.8,1197.19,0.1634,Fail
623.95,32.47,139.75,2829.72,0.2497,Pass
426.49,33.47,174.49,2085.33,0.1583,Fail
455.09,22.67,141.24,1756.25,0.3278,Fail
591.54,5.9,97.57,1900.62,0.2592,Pass
406.25,8.36,110.89,1048.72,0.1065,Fail
586.9,41.99,147.86,1034.29,0.3824,Fail
544.86,32.24,106.32,1611.25,0.4835,Fail
416.43,32.09,189.85,2905.4,0.1873,Pass
602.68,21.33,161.07,2101.88,0.2471,Fail
486.69,33.45,110.38,3317.64,0.3204,Pass
698.88,5.37,61.79,1558.86,0.2187,Fail
672.33,5.9,59.94,1171.18,0.2961,Fail
516.35,49.14,156.26,1283.61,0.1603,Fail
475.94,12.32,62.98,2663.75,0.1391,Pass
669.4,18.71,157.44,2753.75,0.4413,Pass
632.09,46.33,141.78,1220.85,0.4862,Fail
433.73,24.83,171,1878.65,0.1411,Fail
418.14,18.54,90.76,3245.89,0.4682,Pass
606.76,27.57,138.69,3290.07,0.4838,Pass
578.04,1.44,78.09,1231.96,0.2649,Fail
439.7,12.84,185.17,3063.23,0.3164,Pass
506.61,14.27,147.35,2668.46,0.4365,Pass
596.37,14.35,172.8,2430.13,0.3651,Pass
513.14,3.26,152.59,2547.49,0.2815,Pass
524.91,35.21,134.87,1570.71,0.3246,Fail
403.43,23.76,132.53,1037.26,0.1784,Fail
609.66,11.51,120.05,3052.43,0.1806,Pass
640.15,12.99,84.7,3220.98,0.4016,Pass
683.06,12.64,142.96,3410.29,0.4701,Pass
614.72,47.87,114.24,3269.98,0.4455,Pass
553.31,30.56,102.49,2915.46,0.487,Pass
445.73,46.12,135.34,2020.37,0.3456,Fail
445.25,17.32,112.45,1158.71,0.1619,Fail
646.18,22.36,88.84,2224.79,0.2435,Pass
403.87,21.82,162.24,2404.35,0.3484,Pass
565.98,37.69,189.08,1923.69,0.4268,Fail
524.42,12.99,93.98,2058.06,0.4444,Pass
589,46.09,89.73,2187.52,0.2837,Pass
549.29,6.82,66.2,2531.27,0.1515,Pass
573.37,30.81,160.23,2978.9,0.2611,Pass
404.44,15.46,131.5,1873.89,0.3672,Fail
530.92,26.44,89.64,2077.98,0.382,Pass
451.4,27.52,183.13,3015.94,0.4068,Pass
646.64,10.78,173.81,2397.57,0.146,Pass
547.33,11.1,81.24,2189.95,0.3686,Pass
688.12,32.36,120.62,2784.3,0.307,Pass
526.97,11.2,88.59,1853.16,0.4515,Pass
545.51,48.01,73.03,2700.93,0.2526,Pass
545.08,44.37,139.16,2760.42,0.1964,Pass
501.32,18.36,132.3,2138.97,0.1465,Pass
409.37,6.23,85.85,2993.39,0.1996,Pass
613.55,4.23,134.78,1363.45,0.3688,Fail
660.57,9.36,140.87,2329.97,0.4473,Pass
573.2,33.97,195.68,3326.13,0.1693,Pass
439.44,15.57,124.6,2465.29,0.1076,Pass
590.3,25.21,166.92,1174.18,0.3715,Fail
481.21,9.81,90.21,3314.44,0.3869,Pass
496.03,10.65,84.39,2409.36,0.4834,Pass
487.55,33,124.46,1109.52,0.287,Fail
533.39,18.59,185.91,2754.28,0.2759,Pass
528.72,41.54,99.97,2072.31,0.4501,Fail
485.34,38.17,141.96,2628.79,0.4236,Pass
401.29,44.41,163.9,2412.01,0.1741,Pass
632.22,40.57,135.92,3300.8,0.2775,Pass
677.63,25.7,107.89,2519.54,0.4706,Pass
423.35,36.87,54.6,1712.01,0.3764,Fail
557.89,29.89,89.21,1511.24,0.3449,Fail
546.83,6.14,101.36,2453.17,0.3574,Pass
677.97,46.63,171.54,1474.91,0.2043,Fail
450.08,13.31,162.78,1528.89,0.1364,Fail
690.21,20.58,195.73,2720.21,0.2118,Pass
484.17,11.63,122.39,2653.01,0.2971,Pass
534.55,23.26,94.9,2178.51,0.2536,Pass
515.21,5.33,163.36,1899.72,0.1876,Fail
644.5,38.14,154.73,3092.54,0.2805,Pass
403.14,35.33,58.62,2041.01,0.313,Pass
650.32,6.48,57.28,3339.57,0.2958,Pass
479.31,10.24,130.59,2017.09,0.3534,Pass
678.68,18.89,67.08,2313.44,0.361,Pass
652.23,5.19,181.4,1656.2,0.222,Fail
435.04,32.83,92.04,2474.84,0.4902,Pass
691.53,24.47,136.44,2039.27,0.2119,Fail
693.61,41.94,125.05,2305.3,0.4331,Fail
440.46,26.71,102.93,1767.66,0.1914,Fail
546.19,43.97,161.33,1897.14,0.1408,Fail
438.5,42.55,108.67,1973.93,0.1105,Fail
480.88,6.39,118.26,2554.76,0.1584,Pass
647.77,7.4,173.73,3190.65,0.4513,Pass
418.91,21.87,61.94,2417.9,0.4586,Pass
466.91,38.71,125.12,1594.84,0.4253,Pass
639.86,47.65,103.73,2154.26,0.3976,Fail
605.28,9.71,98.39,1960.55,0.4977,Pass
429.88,32.06,195.41,2059.19,0.107,Pass
688.88,32.1,66.43,3255.93,0.1243,Pass
582.23,45.69,66.08,1870.41,0.2438,Fail
659.99,31.68,143.51,1569.74,0.4967,Fail
640.41,36.33,63.69,2334.65,0.4434,Pass
543.22,36.49,117.19,2344.56,0.4315,Pass
690.23,15.15,159.84,1173.22,0.293,Pass
672.5,7.65,150.62,2411.29,0.3351,Pass
433.27,22.73,93.39,1610.38,0.1508,Fail
684.64,30.55,172.43,1256.99,0.4567,Fail
496.38,38.75,87,2379.77,0.3742,Pass
540.3,16.59,167.02,3561.51,0.303,Pass
430.84,36.9,80.88,1339.33,0.1699,Fail
527.71,11.02,156.66,1383.42,0.2517,Fail
615.65,5.36,79.05,2160.89,0.1921,Pass
605.92,15.52,153.98,3005.51,0.1247,Pass
514.62,41.15,178.17,3477.84,0.3783,Pass
414.08,7.21,190.71,2533.35,0.3211,Fail
607.82,9.19,100.7,3265.91,0.3843,Pass
695.72,29.73,103.44,1510.45,0.4469,Fail
417.08,30.71,81.34,2062.49,0.2279,Pass
585.77,21.19,116.36,1576.18,0.3477,Fail
539.69,28.09,105.71,1307.93,0.2409,Pass
680.36,2.32,115.75,1322.84,0.2905,Fail
405.99,40.16,196.89,1191.4,0.1745,Fail
526.32,21.56,121.42,3238.55,0.1633,Pass
686.16,32.18,166.88,1162.49,0.3438,Fail
431.71,7.86,74.43,1009.33,0.3302,Fail
460.52,9.76,99.03,3322.81,0.3479,Pass
477.78,32.37,155.36,2543.95,0.4067,Pass
462.44,44.87,71.6,2616.02,0.3165,Pass
666.93,4.51,176.63,3405.55,0.3352,Pass
420.58,1.32,81.02,1182.37,0.2776,Fail
460.01,2.59,65.44,2653.23,0.3419,Pass
610.63,13.07,124.34,2054.86,0.4271,Pass
586.97,31.46,199.01,1879.91,0.3134,Fail
655.02,47.37,114.51,2278.37,0.4326,Fail
609.85,24.93,195.6,1819.46,0.2161,Fail
676.8,42.51,172.04,2491.35,0.3584,Pass
604.48,40.49,141.07,1607.03,0.3235,Fail
529.72,7.55,166.77,2060.39,0.3197,Pass
571.66,39.11,96.46,2651.5,0.2839,Pass
674.83,13.37,110.06,3485.05,0.2411,Pass
403.03,29.16,199.32,1614.33,0.3206,Fail
463.09,47.63,78.72,3420.72,0.1548,Pass
569.22,39.13,81.35,1513.21,0.1774,Fail
406.87,19.83,114,3360.71,0.161,Pass
582.4,24.07,84.5,2752.78,0.478,Pass
556.14,24.19,132.83,3158.38,0.326,Pass
476.76,20.31,193.83,2806.97,0.4139,Pass
440.62,24.74,155.45,2349.26,0.3111,Pass
675.58,45.22,193.32,2936.11,0.3505,Pass
410.08,45.57,158.98,2988.97,0.2462,Pass
689.62,26.05,179.91,2988.29,0.1343,Pass
598.6,4.05,159.75,3469.6,0.4124,Pass
474.87,25.79,198.78,3404.81,0.1525,Pass
603.61,37.53,72.83,2785.92,0.4005,Pass
420.27,47.33,77.64,1613.33,0.4479,Fail
443.51,36.93,172.03,1912.61,0.4548,Pass
523.13,36.68,184,1501.81,0.1675,Fail
607.78,36.03,166.3,1557.14,0.1182,Fail
674.83,27.58,57.23,1593.46,0.3982,Fail
441.03,9.67,196.64,2373.43,0.4474,Pass
556.59,42.65,177.22,2174.89,0.1443,Fail
430.02,40.73,150.93,1864.28,0.4017,Fail
538.96,28.81,175.71,2141.12,0.303,Fail
641.59,14.21,117.58,3042.31,0.3784,Pass
479.71,22.63,133.42,1766.76,0.1639,Fail
497.23,27.21,103.8,2267.51,0.148,Pass
483.16,17.16,66.64,1029.03,0.1915,Fail
466.86,36.85,164.67,2177.3,0.4666,Fail
438.36,23.1,184.11,3039.24,0.1514,Pass
602.23,11.43,149.16,1147.38,0.3045,Fail
656,23.76,126.23,2758.2,0.4304,Pass
411.98,40.14,142.63,1700.17,0.2906,Fail
614.7,13.17,126.58,2320.01,0.3887,Pass
440.42,27.65,159.48,1809.15,0.437,Fail
420.59,31.19,160.88,2401.7,0.1702,Pass
466.83,39.59,197.57,1471.39,0.1462,Fail
494.3,40.53,197.62,3239.68,0.1572,Pass
519.58,7.32,99.54,2792.2,0.3602,Pass
488.91,4.4,190.84,1204.62,0.1113,Fail
566.37,18.75,104.26,3095.85,0.2365,Pass
458.31,22.15,99.18,2961.44,0.1175,Pass
409.88,45.11,117.25,1936.1,0.4324,Fail
598.95,2.14,191.05,1977.2,0.3401,Fail
418.7,49.06,58.07,1083.5,0.4561,Fail
661.29,3.17,77.15,1248.11,0.2785,Fail
455.38,18.77,163.83,3309.68,0.313,Pass
668.69,11.48,136.2,1696.39,0.2961,Fail
451.58,40.89,187.3,3398.87,0.3153,Pass
450.98,15.76,164.56,1996.35,0.3827,Fail
442.05,22.38,85.31,1077.52,0.3294,Fail
695.9,14.09,189.48,3570.79,0.4832,Pass
482.6,23.71,50.11,1603.65,0.3769,Fail
569.11,16.23,93.14,1042.29,0.266,Fail
496.92,24.45,182.23,2296.02,0.4911,Pass
469.96,5.02,99.87,3416.65,0.1638,Pass
542.82,41.14,59.26,3386.55,0.3769,Pass
470.82,4.77,105.06,2794.45,0.1773,Pass
468.37,17.9,142.48,1895.52,0.1338,Fail
538.67,27.33,62.59,3560.3,0.1336,Pass
439.18,8.69,175.98,1474.19,0.2112,Fail
475.98,24.6,156.8,1696.7,0.3957,Fail
440.93,8.74,143.45,2515.58,0.2712,Pass
675.63,35.99,67.77,3566.23,0.4768,Pass
671.98,34.36,175.07,3222.25,0.2177,Pass
676.2,36.75,142.46,2605.27,0.4387,Pass
566.09,3.57,158.78,2180.21,0.497,Pass
679.01,38.47,98.05,3587.69,0.4826,Fail
598.6,11.18,54.49,3520.71,0.3997,Pass
605.48,35.18,86.28,2408.76,0.1607,Pass
422.04,1.06,94.56,3470.94,0.415,Pass
559,24.01,97.79,3495.66,0.2751,Pass
476.81,8.27,186.57,2284.66,0.4568,Pass
506.61,14.58,137.95,1552.58,0.4654,Fail
428.61,23.18,178.92,3291.54,0.3641,Pass
657.9,27.36,79.07,1700.11,0.4126,Fail
638.6,33.77,166.76,1372.18,0.4775,Fail
578.38,23.21,147.15,3300.92,0.4446,Pass
502.25,28.79,93,3130.54,0.3607,Pass
470.11,32.99,147.62,1337.59,0.3335,Fail
557.9,37.51,134.38,3217.36,0.4246,Pass
603.89,5.94,141.58,1237.97,0.4636,Fail
668.09,5.64,183.9,1934.92,0.4451,Fail
587.58,31.85,160.33,1985.94,0.2601,Fail
592.52,4.55,99.62,1547.1,0.2032,Fail
441.86,38.22,109.16,2318.94,0.4926,Pass
508.44,28.89,177.22,2993.93,0.4106,Pass
634.79,7.53,91.91,2802.16,0.4461,Pass
515.72,3.58,153.46,2051.25,0.3073,Pass
489.02,31.97,98.45,2949.61,0.2146,Pass
677.32,11.03,185.25,2780.17,0.1868,Pass
498.91,10.53,69.08,3163.85,0.1587,Pass
583.84,40.92,188.17,3305.44,0.128,Pass
637.06,34.93,181.82,2612.29,0.46,Pass
486.52,9.74,96.64,2537.22,0.4053,Pass
538.19,46.74,88.76,2976.71,0.3692,Pass
624.34,35.66,181.09,2839.59,0.3581,Pass
429.22,37.8,65.67,3306.27,0.1902,Pass
597.54,46.62,112.83,3510.99,0.3276,Pass
660.01,47.81,154.8,2848.75,0.3768,Pass
628,39.96,117.18,1977.07,0.2336,Fail
465.68,39.17,76.11,1242.9,0.372,Fail
608.2,8.45,142.12,1750.18,0.4011,Fail
509.62,45.99,84.54,3060.47,0.4656,Pass
580.1,30.67,190.82,3148.33,0.1598,Pass
534.59,29.89,187.02,3482.42,0.1336,Pass
465.38,1.14,150.58,3322.84,0.3789,Pass
693.18,40.65,80.69,2263.37,0.4759,Pass
478.38,20.14,125.18,1694.02,0.4309,Fail
591.85,28.17,55.95,1322.27,0.2595,Fail
655.41,11.34,184.23,2747.42,0.1003,Pass
536.37,48.57,167.51,1075.57,0.1241,Fail
415.03,19.96,194.87,2995.21,0.4154,Pass
509.9,19.22,160.33,3360.53,0.4301,Pass
530.92,3.58,96.79,3070.21,0.4901,Pass
429.16,44.48,182.19,3066.13,0.1953,Pass
632.11,3.23,83.96,2485.73,0.4706,Pass
500.93,9.26,53.41,2688.44,0.4985,Pass
410.99,12.35,59.41,3395,0.1108,Pass
442.78,10.59,97.03,2079,0.2484,Pass
554.51,43.52,82.72,1382.75,0.1871,Fail
457.08,21.77,55.41,2138.38,0.3511,Pass
551.23,35.7,128.06,1993.58,0.2422,Fail
521.4,46.99,136.21,1234.97,0.2277,Fail
681.88,3.76,194.61,1246.15,0.228,Fail
456.64,26.4,176.37,1791.25,0.216,Fail
533.44,17.34,82.77,3127.79,0.224,Fail
463.72,24.22,124.58,1323.02,0.2531,Fail
498.28,38.15,62.86,3011.37,0.3976,Pass
573.61,23.37,57.97,1120.12,0.1114,Fail
518.31,32.25,80.74,1587.45,0.472,Fail
657.7,35.94,193.75,1596.51,0.3076,Fail
457.37,15.26,164.98,3411.12,0.3135,Pass
662.89,47.46,197.68,2907.71,0.4072,Pass
517.26,4.42,74.02,3057,0.3368,Pass
456.67,29.83,133.84,2610.84,0.4222,Pass
529.47,27.06,56.9,3362.34,0.1809,Pass
455.54,20.34,58.67,3122.25,0.4642,Pass
684.18,7,160.87,1032.09,0.1222,Fail
416.32,41.09,56.28,3277.42,0.15,Pass
471.85,46.88,197.08,3453.89,0.1225,Pass
689.2,11.99,104.18,2564.79,0.4325,Pass
465.46,4.09,104.25,3298.31,0.2381,Fail
684.02,42.74,97.76,2633.91,0.1654,Pass
455.98,19.96,178.68,2417.25,0.1784,Pass
465.68,27.29,138.81,3078.76,0.1854,Pass
696.4,45.11,78.86,1317.21,0.1068,Fail
523.87,22.79,62.48,1114,0.2135,Fail
674.26,25.04,62.11,1391.02,0.2892,Fail
605.68,34.69,174.59,3318.87,0.4715,Pass
569.46,9.84,146.12,3201.76,0.3432,Pass
619.67,47.53,102.26,3357.09,0.3249,Pass
408.53,37.34,106.5,2719.66,0.148,Pass
683.06,46.36,61.57,2805.97,0.3441,Pass
600.85,44.68,186.4,2549.24,0.3552,Pass
577.87,26.13,62.01,1921.82,0.2932,Pass
523.32,18.17,193.91,1468.04,0.4519,Fail
416.22,13.28,181.01,1097.98,0.3501,Fail
697.46,27.07,145.37,2921.89,0.442,Pass
587.5,9.7,77.2,3347.88,0.2437,Pass
650.4,37.7,77.55,2557.89,0.1353,Pass
658.37,32.23,150.99,3507.7,0.3581,Pass
687.31,2.44,140.24,1071.69,0.2205,Fail
437.73,24.78,179.22,1843.91,0.1115,Fail
489.67,32.38,156.84,1756.56,0.1571,Fail
528.84,37.58,115.17,2559.82,0.4478,Pass
510.53,6.42,115.08,3366.03,0.2878,Pass
488.76,49.79,102.01,1720.28,0.4141,Fail
670.02,39.08,156.05,1288.68,0.4364,Fail
676.75,13.44,155.13,2715.28,0.2132,Pass
515.01,26.38,78.83,1950.43,0.3985,Pass
558.43,6.04,170.6,2995.59,0.3362,Pass
591.5,28.15,177.02,2788.15,0.4365,Pass
459.9,44.74,155.82,2922.17,0.1989,Pass
422.02,29.05,87.71,2217.99,0.2419,Pass
656.04,15.8,143.83,2375.87,0.3972,Pass
527.65,36.33,165.42,3370.08,0.2571,Pass
421.95,2.28,151.42,1857.46,0.4683,Fail
683.57,40.03,135.73,1992.01,0.2135,Fail
676.43,22.98,180.39,3476.22,0.4648,Pass
567.72,22.34,182.71,1289.17,0.1824,Pass
601.87,48.57,153.32,1582.84,0.2782,Fail
584.34,49.27,106.65,2995,0.474,Pass
450.28,18.21,192.95,1151.09,0.4559,Fail
601.89,49.14,79.8,2456.57,0.2249,Pass
481.66,33.29,183.18,2293.85,0.2414,Pass
439.71,38.75,130.68,1893.45,0.3027,Fail
415.92,19.7,107.55,3441.58,0.3922,Pass
449.16,34.34,56.61,2001.27,0.441,Pass
667.72,28.89,93.45,1855.7,0.4811,Fail
549.74,17.97,190.05,3473.59,0.213,Pass
411.14,34.28,122.86,3249.89,0.2261,Pass
463.33,12.23,100.32,2979.2,0.1883,Pass
451.85,21.07,99.43,2905.18,0.181,Pass
634.16,43.54,190.2,2898.6,0.3047,Pass
685.7,34.13,174.52,2194.68,0.1547,Fail
538.6,17.18,184.98,3414.03,0.1795,Pass
580.49,6.9,151.29,1942.76,0.3381,Fail
620.99,11.12,82.3,1028.86,0.4217,Fail
619.6,10.77,91.67,1909.38,0.3579,Pass
406.85,8.68,115.11,1838.78,0.241,Pass
619.56,47.18,53.56,2254.12,0.3537,Pass
453.83,30.04,169.16,1991.37,0.4527,Fail
496.12,45.68,117.14,2922.69,0.2032,Pass
662.38,29.18,104.83,2868,0.1314,Pass
582.66,1.77,67.68,2363.24,0.2611,Pass
438,35.7,147.35,2413.6,0.1401,Pass
518.72,48.94,159.78,3049.32,0.4593,Pass
660.24,48.07,101.16,2083.32,0.3943,Fail
575.17,17.89,99.2,3489.32,0.497,Pass
678.29,34.97,173.8,2115.78,0.3638,Fail
446.06,23.94,126.17,2742.01,0.1975,Pass
488.41,27.15,197.61,1949.7,0.4855,Fail
481.17,13.55,116.17,3424.73,0.3296,Pass
528.51,16.98,84.71,1476.62,0.2983,Fail
476.13,26.06,126.97,1760.56,0.3681,Fail
480.57,16.16,131.68,2470.61,0.3672,Pass
427.99,18.45,81.52,3048.11,0.4417,Pass
612.53,27.29,168.45,1761.3,0.3659,Fail
640.13,27.34,194.93,1463.3,0.3582,Fail
435.37,42.61,189.28,2740.41,0.2174,Pass
451.96,10.64,146.83,3564.69,0.2516,Pass
465.65,7.23,96.26,2549.59,0.496,Pass
581.15,45.38,130.61,3579.59,0.3843,Pass
623.81,34.61,194.52,3346.71,0.2911,Pass
465.51,16.5,129.64,1197.61,0.465,Fail
556.13,14.09,82.02,1428.17,0.2833,Fail
508.36,36.26,64.5,1241.02,0.246,Fail
493.39,37.78,153.68,1467.16,0.3218,Fail
516.78,19.43,191.59,1655.64,0.3099,Fail
451.01,16.84,133.1,2265.62,0.299,Pass
627.2,27.66,59.7,3120.99,0.4507,Pass
470.82,4.99,63.09,1172.4,0.3717,Fail
650.28,26.46,155.71,1603.46,0.3705,Fail
521.91,48.94,70.28,1463.94,0.3968,Fail
563.37,18.92,157.19,2503.91,0.2018,Pass
493.16,40.96,95.79,3254.05,0.3702,Pass
497.04,48.99,86.32,3517.8,0.3819,Pass
665.07,45.98,118.28,1895.28,0.2463,Fail
475.14,27.48,107.66,3227.76,0.4158,Pass
420,10.08,180.45,1030.17,0.3966,Fail
559.2,32.79,55.98,2034.9,0.1094,Pass
424.53,37.63,70.18,3135.93,0.3988,Pass
536.57,8.24,77.37,1190.08,0.2378,Fail
670.38,3.84,195.84,3549.33,0.3671,Pass
500.57,3,167.86,1732.04,0.2827,Fail
491.64,18.38,165.61,1770.41,0.1906,Fail
527.63,40.47,61.78,2013.09,0.3915,Pass
657.6,29.07,141.73,2577.23,0.2141,Pass
688.93,23.82,75.29,2284.16,0.2074,Pass
569.56,38.66,192.24,3137.85,0.4393,Pass
502.88,10.18,96.97,2033.56,0.4129,Pass
632.64,43.34,169.92,3110.68,0.3385,Pass
649.2,1.56,82.59,2226.11,0.2165,Pass
429.96,47.67,57.3,1184.26,0.4801,Fail
652.42,26.11,97.11,1016.74,0.1078,Fail
605.63,38.62,57.64,2217.82,0.4922,Pass
539.25,35.56,183.97,2388.84,0.1617,Pass
463.47,36.38,120.33,2986.19,0.4529,Pass
571.92,44.71,62.48,2483.19,0.4407,Pass
523.98,37.88,108.77,2357.3,0.3628,Pass
467.35,1.2,92.79,1494.16,0.2089,Fail
698.23,13.19,79.55,1219.57,0.3653,Fail
500.01,8.1,192.83,3153.85,0.1939,Pass
666.71,35.96,83.67,3228.8,0.1718,Pass
610.46,25.56,182.16,2857.61,0.4825,Pass
695.47,18.01,176.8,2801.62,0.4226,Pass
683.6,47.28,113.32,2467.89,0.354,Pass
461.41,36.17,96.24,3254.91,0.3435,Pass
654.75,13.81,91.19,2183.13,0.2402,Pass
500.73,43.72,114.27,3554.78,0.488,Pass
506.2,15.9,51.01,1699.99,0.164,Pass
525.54,20.97,190.42,1656.86,0.2787,Fail
584.13,48.5,141.72,2998.1,0.493,Pass
586.25,42.38,134.37,2348.81,0.4638,Pass
418.96,8.9,194.01,2614.09,0.3038,Pass
537.79,38.47,55.47,2485.32,0.1908,Fail
504.77,20.65,64.68,2053.7,0.1891,Pass
663.34,42.83,75.95,2160.23,0.2294,Pass
589.8,3.58,62.31,2807.83,0.134,Pass
509.24,10.97,183.09,1096.3,0.3137,Fail
600.61,25.95,66.25,3317.24,0.1947,Pass
510.35,4.41,197.17,1405.13,0.4929,Fail
579.02,24.94,92.26,1706.19,0.1285,Fail
558,25.04,117.58,2242.37,0.4269,Fail
480.37,19.75,183.18,2460.67,0.1539,Pass
690.49,10.11,147.66,1138.59,0.1057,Fail
654.38,28.6,124.87,2757.65,0.1844,Pass
514.62,27.67,139.72,1646.85,0.1526,Fail
565.68,39.05,184.88,1241.56,0.4238,Fail
539.39,21.67,192.98,2877.13,0.3671,Pass
487.89,6.17,144.58,1585.47,0.4963,Fail
480.81,33.08,132.36,2168.27,0.1295,Pass
499.39,6.89,53.52,1470.61,0.1956,Fail
553.82,6.73,92.91,1719.63,0.3558,Fail
407.95,40.76,121.23,2107.75,0.3365,Pass
426.64,46.38,153.21,1433.8,0.3623,Fail
627.78,7.17,169.25,2723.22,0.1296,Pass
418.33,37.96,75.93,3283.38,0.2362,Pass
611.53,14.7,144.21,2549.45,0.4691,Pass
523.75,27.37,103.76,2586.98,0.4994,Pass
499.52,46.57,165.82,2494.13,0.163,Pass
400.47,13.73,158.21,1041.64,0.1497,Fail
608.87,9.01,81.35,3491.93,0.1103,Pass
572.01,4.51,178.26,3375.28,0.1539,Pass
514.54,47.47,127.23,1225.26,0.4489,Fail
542.19,11.72,130.79,1045.37,0.1676,Fail
406.05,33.76,182.04,2171.58,0.4302,Fail
677.56,14.84,61.79,2526.95,0.2646,Pass
503.25,25.8,58.84,1817.41,0.4436,Fail
658.52,25.18,124.64,2612.09,0.2403,Fail
648.48,11.4,134.59,1435.77,0.2094,Fail
650.63,34.35,59.63,2023.56,0.2083,Pass
422.23,48.88,79.27,2543.7,0.1176,Fail
611.7,17.08,144.09,2107.92,0.4936,Fail
436.53,45.45,175.83,2560.47,0.1162,Pass
693.24,15.31,194.78,3134.41,0.3781,Pass
520.96,10.77,132.65,1932.28,0.3224,Fail
520.87,4.64,94.18,1172.75,0.213,Fail
405.92,17.4,84.46,2354.38,0.4293,Pass
539.68,29.88,199.91,3020.04,0.3402,Pass
467.72,14.45,135.79,1548.96,0.2383,Fail
482.64,45.76,154.2,3503.35,0.2601,Pass
424.21,5.86,83.16,1992.47,0.3614,Pass
690.56,36.28,159.51,2435.26,0.1266,Pass
457.16,13.6,145.15,3380.64,0.4623,Pass
536.92,35.14,149.35,3461.8,0.3335,Pass
657.75,49.69,64.04,1449.55,0.3398,Fail
444.26,35.09,53.17,1594.5,0.3826,Fail
487.07,16.64,178.87,1301.92,0.2739,Fail
403.38,47.86,111.92,1744.87,0.3195,Pass
579.45,41.08,134.65,1787.4,0.4376,Fail
421.57,44.24,178.03,1486.99,0.4127,Fail
639.48,49.26,190.09,2516.49,0.2876,Pass
539.27,40.17,51.81,1935.42,0.1653,Pass
644.84,24.16,56.91,1308.75,0.3785,Fail
620.87,12.67,186.24,2561.28,0.3588,Pass
463.28,25.42,88.13,3171.63,0.1097,Pass
493.75,6.47,64.02,1330,0.1845,Fail
683.62,33.89,163.24,3347.81,0.4897,Pass
542.61,37.24,155.66,3511.27,0.3889,Pass
529.19,23.44,195.95,2049.43,0.2035,Fail
598.22,22.33,177.01,3524.05,0.3212,Pass
544.17,28.75,129.77,2686.26,0.4112,Pass
518.94,1.96,123.95,2866.61,0.1832,Pass
556.72,11.98,131.89,1701.44,0.4973,Pass
489.66,31.93,197.67,1181.82,0.1516,Fail
417.71,1.9,105.9,2660.44,0.2567,Fail
662.02,28.62,137.28,2853.98,0.2878,Pass
685.98,37.36,147.98,1476.31,0.3099,Fail
644.97,36.15,98.19,1109.25,0.4893,Fail
685.43,18.93,71.51,1872.66,0.1058,Pass
552.31,11.79,139.23,1624.75,0.2836,Fail
567.23,49.01,87.39,2826.88,0.3608,Pass
683.73,40.08,97,2145.2,0.2336,Pass
613.1,34.13,163.23,3172.04,0.3601,Pass
479.27,17.44,89.19,1364.39,0.424,Fail
